{
    "fold_1": {
        "f1_micro": 0.5770308123249299,
        "f1_macro": 0.46782800597748325,
        "hamming_loss": 0.06675508399646331,
        "auc_macro": 0.7930127968399143,
        "auc_micro": 0.9108194308145241
    },
    "fold_2": {
        "f1_micro": 0.547945205479452,
        "f1_macro": 0.4565866628620674,
        "hamming_loss": 0.07294429708222812,
        "auc_macro": 0.8220533570592986,
        "auc_micro": 0.9126315525289876
    },
    "fold_3": {
        "f1_micro": 0.5659340659340659,
        "f1_macro": 0.517943128943891,
        "hamming_loss": 0.06984969053934571,
        "auc_macro": 0.8334285411271345,
        "auc_micro": 0.8989151831564534
    },
    "fold_4": {
        "f1_micro": 0.5561797752808989,
        "f1_macro": 0.48955982973741013,
        "hamming_loss": 0.06984969053934571,
        "auc_macro": 0.8195806699866814,
        "auc_micro": 0.9059044338456104
    },
    "fold_5": {
        "f1_micro": 0.6256410256410256,
        "f1_macro": 0.5246106884568423,
        "hamming_loss": 0.06491774121831925,
        "auc_macro": 0.8508996362932095,
        "auc_micro": 0.9062882112931665
    }
}