{
    "fold_1": {
        "f1_micro": 0.4257703081232493,
        "f1_macro": 0.301229842899288,
        "hamming_loss": 0.09062776304155615,
        "auc_macro": 0.7295161899743354,
        "auc_micro": 0.8348805726903126
    },
    "fold_2": {
        "f1_micro": 0.41798941798941797,
        "f1_macro": 0.1914515410157254,
        "hamming_loss": 0.09725906277630415,
        "auc_macro": 0.7342771554541088,
        "auc_micro": 0.8358176334766678
    },
    "fold_3": {
        "f1_micro": 0.46368715083798884,
        "f1_macro": 0.37467853014870045,
        "hamming_loss": 0.08488063660477453,
        "auc_macro": 0.7801934988175551,
        "auc_micro": 0.8519995292707977
    },
    "fold_4": {
        "f1_micro": 0.46831955922865015,
        "f1_macro": 0.2988527917370422,
        "hamming_loss": 0.08532272325375774,
        "auc_macro": 0.7809008337413513,
        "auc_micro": 0.8458951598657481
    },
    "fold_5": {
        "f1_micro": 0.44854881266490765,
        "f1_macro": 0.28897828491947253,
        "hamming_loss": 0.09293019119608716,
        "auc_macro": 0.7362667336172636,
        "auc_micro": 0.831897125009117
    }
}