{
    "fold_1": {
        "f1_micro": 0.6768447837150128,
        "f1_macro": 0.5841746619896007,
        "hamming_loss": 0.05614500442086649,
        "auc_macro": 0.8696455722420388,
        "auc_micro": 0.9269723468386373
    },
    "fold_2": {
        "f1_micro": 0.631578947368421,
        "f1_macro": 0.5403848073579268,
        "hamming_loss": 0.0649867374005305,
        "auc_macro": 0.8653889090641548,
        "auc_micro": 0.9365306105375878
    },
    "fold_3": {
        "f1_micro": 0.6461538461538462,
        "f1_macro": 0.5969302294117725,
        "hamming_loss": 0.0610079575596817,
        "auc_macro": 0.8626902593310513,
        "auc_micro": 0.9162615542622389
    },
    "fold_4": {
        "f1_micro": 0.6379746835443038,
        "f1_macro": 0.5566883408988672,
        "hamming_loss": 0.06321839080459771,
        "auc_macro": 0.8274771756485421,
        "auc_micro": 0.9145049461225931
    },
    "fold_5": {
        "f1_micro": 0.6747572815533981,
        "f1_macro": 0.5488919839018458,
        "hamming_loss": 0.059582036460649176,
        "auc_macro": 0.8783872221681329,
        "auc_micro": 0.9187131830838472
    }
}