{
    "fold_1": {
        "f1_micro": 0.5975308641975309,
        "f1_macro": 0.4796691363534178,
        "hamming_loss": 0.07206012378426171,
        "auc_macro": 0.7528201494985687,
        "auc_micro": 0.8698500806112436
    },
    "fold_2": {
        "f1_micro": 0.5423728813559322,
        "f1_macro": 0.42418969530343753,
        "hamming_loss": 0.08355437665782493,
        "auc_macro": 0.8101960201945074,
        "auc_micro": 0.8799609316177824
    },
    "fold_3": {
        "f1_micro": 0.5601965601965602,
        "f1_macro": 0.4280828141692502,
        "hamming_loss": 0.07913351016799293,
        "auc_macro": 0.8299000781350652,
        "auc_micro": 0.8833811194796302
    },
    "fold_4": {
        "f1_micro": 0.5783132530120482,
        "f1_macro": 0.5003833362749047,
        "hamming_loss": 0.07736516357206012,
        "auc_macro": 0.8069599985883721,
        "auc_micro": 0.8645270270270271
    },
    "fold_5": {
        "f1_micro": 0.5890736342042755,
        "f1_macro": 0.4847493332979133,
        "hamming_loss": 0.07692307692307693,
        "auc_macro": 0.8205590835101799,
        "auc_micro": 0.8842195135554898
    }
}