{
    "fold_1": {
        "f1_micro": 0.45930232558139533,
        "f1_macro": 0.23601325200219792,
        "hamming_loss": 0.08222811671087533,
        "auc_macro": 0.7389943502070533,
        "auc_micro": 0.8714907822795458
    },
    "fold_2": {
        "f1_micro": 0.4657534246575342,
        "f1_macro": 0.23513168956439015,
        "hamming_loss": 0.08620689655172414,
        "auc_macro": 0.7507594863100512,
        "auc_micro": 0.891463934947379
    },
    "fold_3": {
        "f1_micro": 0.40372670807453415,
        "f1_macro": 0.23922383377431922,
        "hamming_loss": 0.08488063660477453,
        "auc_macro": 0.8566375356337578,
        "auc_micro": 0.9004471927422115
    },
    "fold_4": {
        "f1_micro": 0.5089058524173028,
        "f1_macro": 0.20615369036421666,
        "hamming_loss": 0.08532272325375774,
        "auc_macro": 0.7962533681178248,
        "auc_micro": 0.8674461225931813
    },
    "fold_5": {
        "f1_micro": 0.4685714285714286,
        "f1_macro": 0.2652779454977257,
        "hamming_loss": 0.08270342374388617,
        "auc_macro": 0.8282079456962859,
        "auc_micro": 0.8761986279330185
    }
}