{
    "fold_1": {
        "f1_micro": 0.5944444444444444,
        "f1_macro": 0.5208980420606895,
        "hamming_loss": 0.0645446507515473,
        "auc_macro": 0.8054506224048036,
        "auc_micro": 0.9031427432356651
    },
    "fold_2": {
        "f1_micro": 0.5631578947368421,
        "f1_macro": 0.47403346392970386,
        "hamming_loss": 0.07338638373121131,
        "auc_macro": 0.7975526373596628,
        "auc_micro": 0.9037460053206618
    },
    "fold_3": {
        "f1_micro": 0.5602240896358543,
        "f1_macro": 0.5291329643940588,
        "hamming_loss": 0.0694076038903625,
        "auc_macro": 0.7950665998246643,
        "auc_micro": 0.8841845686408765
    },
    "fold_4": {
        "f1_micro": 0.5714285714285714,
        "f1_macro": 0.525699890645273,
        "hamming_loss": 0.06896551724137931,
        "auc_macro": 0.8234990293632551,
        "auc_micro": 0.9026530206677266
    },
    "fold_5": {
        "f1_micro": 0.6428571428571429,
        "f1_macro": 0.5403619414327909,
        "hamming_loss": 0.062249888839484215,
        "auc_macro": 0.8384798758462869,
        "auc_micro": 0.8961242754602516
    }
}